Nr,Ursprung Stellungnahme,Im Entwurf berücksichtigt,Bewertung,Offener Punkt,Empfehlung
021,"Blendwirkung bei 60 m Abstand; fordert 150 m und LAI-Bezug","Blendregelungen, Ausrichtungsvorgaben und Blendschutz/Sichtschutz enthalten (Planteil AB/C)","Teilweise berücksichtigt","Kein klarer standortkonkreter LAI-Nachweis zum 60-m-Immissionsort","Standortkonkretes Blendgutachten mit LAI-Methodik und ggf. Nachsteuerung"
022,"Boden-/Wasserhaushalt, Nahrungsketten, Tierarten, Renaturierungsflächen, Alternativen","Wasser- und Artenschutzmaßnahmen inkl. Wildkorridor/Monitoring sowie Alternativenprüfung dargestellt","Teilweise berücksichtigt","Nicht für alle benannten Arten ein vollständiger Wirkungsnachweis im Text erkennbar","Artspezifische Wirkpfadbewertung und Rand-/Kumulationseffekte ergänzen"
023,"Umfangreiche Einwendungen zu GRZ, Artenschutz, Blendung, Biotopen, Zaun, Waldabstand, Landwirtschaft, Verhältnismäßigkeit","Viele Punkte formal geregelt (GRZ/Abstände, Blendung, Biotopmaßnahmen, Waldabstand, Alternativen)","Teilweise berücksichtigt","Mehrere geforderte Verschärfungen (z. B. geringere GRZ/mehr Abstand) nicht übernommen","Punktgenaue Synopse mit Begründung je Einwendung nachreichen"
024,"Wald-Eigentümerin: Flächenumfang, Alternativen, Umweltprüfung, Mikroklima, Brand, Tierwanderung","Alternativen, Brandschutz/Löschwasser, Waldzugang/-abstand und Wilddurchlässe aufgenommen","Teilweise berücksichtigt","Objektbezogener Nachweis zu Mikroklima-/Brandrisiken am konkreten Waldstück begrenzt","Grundstücksnahe Risikoanalyse (Mikroklima, Brandpfade, Betrieb) ergänzen"
025,"Fragen zu Leistung, EEG-/Gemeindebeteiligung, Wirtschaftlichkeit, Hochwasser/Versickerung","Leistung (130 MWp), EEG-Bezug und wasserwirtschaftliche Annahmen beschrieben","Teilweise berücksichtigt","Kommunaler Finanznutzen/Wirtschaftlichkeit nicht klar und belastbar dargestellt","Abwägungsbaustein zu EEG-§6-Beteiligung und Wirtschaftlichkeit ergänzen"
026,"Bürgerbeteiligung, Denkmalschutz, Landschaft, Naherholung/Tourismus, Alternativen","Denkmalprüfung, Landschaftsbildminderung und Alternativenprüfung enthalten","Teilweise berücksichtigt","Beteiligungsqualität und konkrete Tourismusfolgen nur begrenzt ausgeführt","Beteiligungs- und Tourismusbericht als Abwägungsanlage ergänzen"
027,"Verhältnismäßigkeit/Kumulation, Netzstabilität, fehlendes EE-Konzept, Speicher/Brandschutz, Transparenz","Speicher/Netzanbindung/Brandschutz beschrieben; rechtliche Abwägung dargelegt","Teilweise berücksichtigt","Standorteübergreifende Kumulations- und Netzstabilitätsanalyse nicht klar erkennbar","Kommunales EE-Rahmenkonzept plus kumulative Netz-/Raumwirkungsanalyse"
028,"Klimatische/hydrologische und naturschutzfachliche Bedenken bei Überdimensionierung","Wasserhaushalt, Bauzeiten-/Artenschutzmaßnahmen und LSG-Minderungen dargestellt","Teilweise berücksichtigt","Keine klar ersichtliche Variantenprüfung mit substantiell reduzierter Größe","Klimafunktionsgutachten mit Variantenvergleich offenlegen"
029,"Landschaftsbild und geschützte Biotope; fordert Alternativkonzepte","Biotoperhalt, Landschaftseinbindung, Alternativenprüfung enthalten","Teilweise berücksichtigt","Vergleich mit konkret priorisierten Alternativkonzepten fehlt","Alternativenmatrix (Dach/Brownfield/Trasse) mit Begründung ergänzen"
030,"Hoher Solarflächenanteil, Zusatzbelastungen, Wunsch nach weniger eingriffsintensiven Standorten","Landwirtschaft/Rückbau, Alternativen und Kompensationsansatz benannt","Teilweise berücksichtigt","Kumulative Zusatzbelastung durch weitere Projekte nur begrenzt behandelt","Gemeindeweite kumulative Raumverträglichkeitsdarstellung ergänzen"
